{"epoch": 20, "train_loss": 0.0012346291559515521, "eval_loss": 1.4327385187149049, "train_ap_score": 0.9999999746813305, "eval_ap_score": 0.8315589875820988, "lr": 1.0000000000000002e-06, "_timestamp": 1685178338.08395, "_runtime": 199.4087791442871, "_step": 19, "_wandb": {"runtime": 172}}