{"epoch": 30, "train_loss": 1.649753310084343, "eval_loss": 1.7841669344902038, "train_ap_score": 0.4147538646434339, "eval_ap_score": 0.3411689613522343, "lr": 0.0001, "_timestamp": 1685179096.177981, "_runtime": 259.59834599494934, "_step": 29, "_wandb": {"runtime": 450}}