{"epoch": 10, "train_loss": 0.09303175628185273, "eval_loss": 0.8860413694381714, "train_ap_score": 0.995866311033996, "eval_ap_score": 0.8366643228606245, "lr": 0.0001, "_timestamp": 1685177510.5879161, "_runtime": 1507.384485244751, "_step": 39, "_wandb": {"runtime": 411}}