{"epoch": 9, "train_loss": 1.3371029907464982, "eval_loss": 1.514060127735138, "train_ap_score": 0.5605034416473299, "eval_ap_score": 0.4659720673012237, "lr": 0.001, "_timestamp": 1685179387.3725374, "_runtime": 88.42279934883118, "_step": 8, "_wandb": {"runtime": 84}}