{"epoch": 20, "train_loss": 0.955853570997715, "eval_loss": 1.450901379585266, "train_ap_score": 0.7487857081468131, "eval_ap_score": 0.5121731214684223, "lr": 0.001, "_timestamp": 1685178057.564184, "_runtime": 398.9673638343811, "_step": 29, "_wandb": {"runtime": 468}}